schema	profile	operation-family	dtype-tuple	accumulator-dtype	shape-layout-domain	route	gpu-family	os-build	sdk-version	compiler-version	binary-digest	shader-digest	flags-options	capability-manifest-hash	envelope-id	qualification-method	accuracy-evidence-digest	accuracy-verdict	determinism-key-hash	determinism-contract-id	determinism-evidence-digest	determinism-verdict
1	STRICT_IEEE	RAW_PRESERVING_AFFINE_V1	BFLOAT16,BFLOAT16	NONE	SM19_EXACT_STATIC_LAYOUT_V1/ea4f8a23dc071c5a0b1f38ce27bb4b611e06210f5d2e47828bec428ba4d4cde2	MPSGRAPH_CERTIFIED_RAW_V1	APPLE_9	25G83	macos-sdk=27.0;mpsgraph=6.5.1(6.5.1)	host-clang=21.0.0 (clang-2100.3.34.2);xcode=Xcode 27.0 Build version 27A266a;metal=Apple metal version 32023.921 (metalfe-32023.921.6)	126febc5feaae6e99f9d23146fb37083e1f2e3eb9a764ec84f84ea7f6e657f14	ea4f8a23dc071c5a0b1f38ce27bb4b611e06210f5d2e47828bec428ba4d4cde2	graph-options=NONE;optimization-level=1;wait-for-compilation=YES;reduced-precision-fast-math=NONE	4a7871f0b4f11e44c7b3727acae45ecccbf0722dcb8f4c6460d453dbe620d61e	RAW_BITS_EXACT_V1	CERTIFIED_ENVELOPE	3db45e101aa0698a6d6b7b604ca358965fc0145d5bd548cfa5a9e68acc283005	PASS	08ccb40b4488de3d68c3fa5c6abe24ad1478c2df775af48a6fb8964311e72937	REPEAT_3_IDENTICAL_V1	dd87b1afa37727da9f80dd210557fa2eb82cad62c52f514fe20735039d3cbd25	PASS
1	STRICT_IEEE	RAW_PRESERVING_AFFINE_V1	BFLOAT16,BFLOAT16	NONE	SM19_EXACT_STATIC_LAYOUT_V1/c6a3c1f135a0dad5e1f5ba372262a7b082dc19dfce5d290810664e05ef3a2c61	MPSGRAPH_CERTIFIED_RAW_V1	APPLE_9	25G83	macos-sdk=27.0;mpsgraph=6.5.1(6.5.1)	host-clang=21.0.0 (clang-2100.3.34.2);xcode=Xcode 27.0 Build version 27A266a;metal=Apple metal version 32023.921 (metalfe-32023.921.6)	126febc5feaae6e99f9d23146fb37083e1f2e3eb9a764ec84f84ea7f6e657f14	c6a3c1f135a0dad5e1f5ba372262a7b082dc19dfce5d290810664e05ef3a2c61	graph-options=NONE;optimization-level=1;wait-for-compilation=YES;reduced-precision-fast-math=NONE	4a7871f0b4f11e44c7b3727acae45ecccbf0722dcb8f4c6460d453dbe620d61e	RAW_BITS_EXACT_V1	CERTIFIED_ENVELOPE	3db45e101aa0698a6d6b7b604ca358965fc0145d5bd548cfa5a9e68acc283005	PASS	f001ba576ffb2ef6914343c98a63fff335ad14cb791b9311ee5a4e8554b54736	REPEAT_3_IDENTICAL_V1	dd87b1afa37727da9f80dd210557fa2eb82cad62c52f514fe20735039d3cbd25	PASS
1	STRICT_IEEE	RAW_PRESERVING_AFFINE_V1	BFLOAT16,BFLOAT16	NONE	SM19_EXACT_STATIC_LAYOUT_V1/dd1f9c3d4f890889090333e750d0495bcef94a1a9d4ba879bbfc367b54a6150e	MPSGRAPH_CERTIFIED_RAW_V1	APPLE_9	25G83	macos-sdk=27.0;mpsgraph=6.5.1(6.5.1)	host-clang=21.0.0 (clang-2100.3.34.2);xcode=Xcode 27.0 Build version 27A266a;metal=Apple metal version 32023.921 (metalfe-32023.921.6)	126febc5feaae6e99f9d23146fb37083e1f2e3eb9a764ec84f84ea7f6e657f14	dd1f9c3d4f890889090333e750d0495bcef94a1a9d4ba879bbfc367b54a6150e	graph-options=NONE;optimization-level=1;wait-for-compilation=YES;reduced-precision-fast-math=NONE	4a7871f0b4f11e44c7b3727acae45ecccbf0722dcb8f4c6460d453dbe620d61e	RAW_BITS_EXACT_V1	CERTIFIED_ENVELOPE	3db45e101aa0698a6d6b7b604ca358965fc0145d5bd548cfa5a9e68acc283005	PASS	196f7ec51538dbdb93cd7bca884f7bab9fc99f1176e7da707691458aaa65915a	REPEAT_3_IDENTICAL_V1	dd87b1afa37727da9f80dd210557fa2eb82cad62c52f514fe20735039d3cbd25	PASS
1	STRICT_IEEE	RAW_PRESERVING_AFFINE_V1	FLOAT16,FLOAT16	NONE	SM19_EXACT_STATIC_LAYOUT_V1/33bc011e27fb32a161866eda6542390640907bf62c534a3aa3dc9c6811901e8b	MPSGRAPH_CERTIFIED_RAW_V1	APPLE_9	25G83	macos-sdk=27.0;mpsgraph=6.5.1(6.5.1)	host-clang=21.0.0 (clang-2100.3.34.2);xcode=Xcode 27.0 Build version 27A266a;metal=Apple metal version 32023.921 (metalfe-32023.921.6)	126febc5feaae6e99f9d23146fb37083e1f2e3eb9a764ec84f84ea7f6e657f14	33bc011e27fb32a161866eda6542390640907bf62c534a3aa3dc9c6811901e8b	graph-options=NONE;optimization-level=1;wait-for-compilation=YES;reduced-precision-fast-math=NONE	4a7871f0b4f11e44c7b3727acae45ecccbf0722dcb8f4c6460d453dbe620d61e	RAW_BITS_EXACT_V1	CERTIFIED_ENVELOPE	3db45e101aa0698a6d6b7b604ca358965fc0145d5bd548cfa5a9e68acc283005	PASS	f67a804ab05f33023fa5c2414291f486347f1a52637c3e831a582529845540ce	REPEAT_3_IDENTICAL_V1	dd87b1afa37727da9f80dd210557fa2eb82cad62c52f514fe20735039d3cbd25	PASS
1	STRICT_IEEE	RAW_PRESERVING_AFFINE_V1	FLOAT16,FLOAT16	NONE	SM19_EXACT_STATIC_LAYOUT_V1/08291cd7578507e35ba1adef03d8876da8e3063192dbeb4845527eea22097d80	MPSGRAPH_CERTIFIED_RAW_V1	APPLE_9	25G83	macos-sdk=27.0;mpsgraph=6.5.1(6.5.1)	host-clang=21.0.0 (clang-2100.3.34.2);xcode=Xcode 27.0 Build version 27A266a;metal=Apple metal version 32023.921 (metalfe-32023.921.6)	126febc5feaae6e99f9d23146fb37083e1f2e3eb9a764ec84f84ea7f6e657f14	08291cd7578507e35ba1adef03d8876da8e3063192dbeb4845527eea22097d80	graph-options=NONE;optimization-level=1;wait-for-compilation=YES;reduced-precision-fast-math=NONE	4a7871f0b4f11e44c7b3727acae45ecccbf0722dcb8f4c6460d453dbe620d61e	RAW_BITS_EXACT_V1	CERTIFIED_ENVELOPE	3db45e101aa0698a6d6b7b604ca358965fc0145d5bd548cfa5a9e68acc283005	PASS	a75d58de79d727447b42036a56c0a2f07ed149097a7e4e111710c41373c8ccd4	REPEAT_3_IDENTICAL_V1	dd87b1afa37727da9f80dd210557fa2eb82cad62c52f514fe20735039d3cbd25	PASS
1	STRICT_IEEE	RAW_PRESERVING_AFFINE_V1	FLOAT16,FLOAT16	NONE	SM19_EXACT_STATIC_LAYOUT_V1/d829b73a8d0861d2d7cff9b4d9cf4ef7f7b270133500e2da2fd92bead2688db2	MPSGRAPH_CERTIFIED_RAW_V1	APPLE_9	25G83	macos-sdk=27.0;mpsgraph=6.5.1(6.5.1)	host-clang=21.0.0 (clang-2100.3.34.2);xcode=Xcode 27.0 Build version 27A266a;metal=Apple metal version 32023.921 (metalfe-32023.921.6)	126febc5feaae6e99f9d23146fb37083e1f2e3eb9a764ec84f84ea7f6e657f14	d829b73a8d0861d2d7cff9b4d9cf4ef7f7b270133500e2da2fd92bead2688db2	graph-options=NONE;optimization-level=1;wait-for-compilation=YES;reduced-precision-fast-math=NONE	4a7871f0b4f11e44c7b3727acae45ecccbf0722dcb8f4c6460d453dbe620d61e	RAW_BITS_EXACT_V1	CERTIFIED_ENVELOPE	3db45e101aa0698a6d6b7b604ca358965fc0145d5bd548cfa5a9e68acc283005	PASS	7a5595b4a7eb7cb3074163fc03ca48a6acb409419cc6d7bcd1f3f635e7dee076	REPEAT_3_IDENTICAL_V1	dd87b1afa37727da9f80dd210557fa2eb82cad62c52f514fe20735039d3cbd25	PASS
1	ACCELERATOR	RAW_PRESERVING_AFFINE_V1	BFLOAT16,BFLOAT16	NONE	SM19_EXACT_STATIC_LAYOUT_V1/d25ae6b555ba230b09f3fde579c01167e6a677c8c83f6a824dcccdbe98c14926	MPSGRAPH_CERTIFIED_RAW_V1	APPLE_9	25G83	macos-sdk=27.0;mpsgraph=6.5.1(6.5.1)	host-clang=21.0.0 (clang-2100.3.34.2);xcode=Xcode 27.0 Build version 27A266a;metal=Apple metal version 32023.921 (metalfe-32023.921.6)	126febc5feaae6e99f9d23146fb37083e1f2e3eb9a764ec84f84ea7f6e657f14	d25ae6b555ba230b09f3fde579c01167e6a677c8c83f6a824dcccdbe98c14926	graph-options=NONE;optimization-level=1;wait-for-compilation=YES;reduced-precision-fast-math=NONE	4a7871f0b4f11e44c7b3727acae45ecccbf0722dcb8f4c6460d453dbe620d61e	RAW_BITS_EXACT_V1	CERTIFIED_ENVELOPE	3db45e101aa0698a6d6b7b604ca358965fc0145d5bd548cfa5a9e68acc283005	PASS	8d147eb4e2485a91a9f8449481f902a77d6df3819b6b34d08d15056f2772dd72	REPEAT_3_IDENTICAL_V1	dd87b1afa37727da9f80dd210557fa2eb82cad62c52f514fe20735039d3cbd25	PASS
1	ACCELERATOR	RAW_PRESERVING_AFFINE_V1	BFLOAT16,BFLOAT16	NONE	SM19_EXACT_STATIC_LAYOUT_V1/63e25fad812d08e9292a2645ad83aa7a134e1dea5112af5209e72bee96ecc5b4	MPSGRAPH_CERTIFIED_RAW_V1	APPLE_9	25G83	macos-sdk=27.0;mpsgraph=6.5.1(6.5.1)	host-clang=21.0.0 (clang-2100.3.34.2);xcode=Xcode 27.0 Build version 27A266a;metal=Apple metal version 32023.921 (metalfe-32023.921.6)	126febc5feaae6e99f9d23146fb37083e1f2e3eb9a764ec84f84ea7f6e657f14	63e25fad812d08e9292a2645ad83aa7a134e1dea5112af5209e72bee96ecc5b4	graph-options=NONE;optimization-level=1;wait-for-compilation=YES;reduced-precision-fast-math=NONE	4a7871f0b4f11e44c7b3727acae45ecccbf0722dcb8f4c6460d453dbe620d61e	RAW_BITS_EXACT_V1	CERTIFIED_ENVELOPE	3db45e101aa0698a6d6b7b604ca358965fc0145d5bd548cfa5a9e68acc283005	PASS	54cce9351f311f1e9c60ce24ff43eeaad17c16d6a81c1a53847a3aa69a1552cf	REPEAT_3_IDENTICAL_V1	dd87b1afa37727da9f80dd210557fa2eb82cad62c52f514fe20735039d3cbd25	PASS
1	ACCELERATOR	RAW_PRESERVING_AFFINE_V1	BFLOAT16,BFLOAT16	NONE	SM19_EXACT_STATIC_LAYOUT_V1/f38f68551adf9a3ed5bb4e811cf25fcfb0145a6339d9d4375b884c1de95e6e81	MPSGRAPH_CERTIFIED_RAW_V1	APPLE_9	25G83	macos-sdk=27.0;mpsgraph=6.5.1(6.5.1)	host-clang=21.0.0 (clang-2100.3.34.2);xcode=Xcode 27.0 Build version 27A266a;metal=Apple metal version 32023.921 (metalfe-32023.921.6)	126febc5feaae6e99f9d23146fb37083e1f2e3eb9a764ec84f84ea7f6e657f14	f38f68551adf9a3ed5bb4e811cf25fcfb0145a6339d9d4375b884c1de95e6e81	graph-options=NONE;optimization-level=1;wait-for-compilation=YES;reduced-precision-fast-math=NONE	4a7871f0b4f11e44c7b3727acae45ecccbf0722dcb8f4c6460d453dbe620d61e	RAW_BITS_EXACT_V1	CERTIFIED_ENVELOPE	3db45e101aa0698a6d6b7b604ca358965fc0145d5bd548cfa5a9e68acc283005	PASS	1442521b49306a2126461e4413b2c30a1db2d9995f943375409fbb6315ff6efe	REPEAT_3_IDENTICAL_V1	dd87b1afa37727da9f80dd210557fa2eb82cad62c52f514fe20735039d3cbd25	PASS
1	ACCELERATOR	RAW_PRESERVING_AFFINE_V1	FLOAT16,FLOAT16	NONE	SM19_EXACT_STATIC_LAYOUT_V1/1bf538d45fa4272dcfd6c64f231cb6042ef3df845b035ca5a846c3111e18f7fe	MPSGRAPH_CERTIFIED_RAW_V1	APPLE_9	25G83	macos-sdk=27.0;mpsgraph=6.5.1(6.5.1)	host-clang=21.0.0 (clang-2100.3.34.2);xcode=Xcode 27.0 Build version 27A266a;metal=Apple metal version 32023.921 (metalfe-32023.921.6)	126febc5feaae6e99f9d23146fb37083e1f2e3eb9a764ec84f84ea7f6e657f14	1bf538d45fa4272dcfd6c64f231cb6042ef3df845b035ca5a846c3111e18f7fe	graph-options=NONE;optimization-level=1;wait-for-compilation=YES;reduced-precision-fast-math=NONE	4a7871f0b4f11e44c7b3727acae45ecccbf0722dcb8f4c6460d453dbe620d61e	RAW_BITS_EXACT_V1	CERTIFIED_ENVELOPE	3db45e101aa0698a6d6b7b604ca358965fc0145d5bd548cfa5a9e68acc283005	PASS	1aa1a9a65dc03a087d569d4b47c0379f37b952500e88b67abd9631280a63fabe	REPEAT_3_IDENTICAL_V1	dd87b1afa37727da9f80dd210557fa2eb82cad62c52f514fe20735039d3cbd25	PASS
1	ACCELERATOR	RAW_PRESERVING_AFFINE_V1	FLOAT16,FLOAT16	NONE	SM19_EXACT_STATIC_LAYOUT_V1/c682a1768e871d8bed2ac45c58d27ba949d3744f0511d3aaade5519f48869010	MPSGRAPH_CERTIFIED_RAW_V1	APPLE_9	25G83	macos-sdk=27.0;mpsgraph=6.5.1(6.5.1)	host-clang=21.0.0 (clang-2100.3.34.2);xcode=Xcode 27.0 Build version 27A266a;metal=Apple metal version 32023.921 (metalfe-32023.921.6)	126febc5feaae6e99f9d23146fb37083e1f2e3eb9a764ec84f84ea7f6e657f14	c682a1768e871d8bed2ac45c58d27ba949d3744f0511d3aaade5519f48869010	graph-options=NONE;optimization-level=1;wait-for-compilation=YES;reduced-precision-fast-math=NONE	4a7871f0b4f11e44c7b3727acae45ecccbf0722dcb8f4c6460d453dbe620d61e	RAW_BITS_EXACT_V1	CERTIFIED_ENVELOPE	3db45e101aa0698a6d6b7b604ca358965fc0145d5bd548cfa5a9e68acc283005	PASS	01331e0720999a1a1388cd6d4e10ce878d214d10337baa1051a7a491f45a5de7	REPEAT_3_IDENTICAL_V1	dd87b1afa37727da9f80dd210557fa2eb82cad62c52f514fe20735039d3cbd25	PASS
1	ACCELERATOR	RAW_PRESERVING_AFFINE_V1	FLOAT16,FLOAT16	NONE	SM19_EXACT_STATIC_LAYOUT_V1/372ace2b96c45fc55211d6e5d0230665428307c3debbf1e7c35519c09c6c1c5d	MPSGRAPH_CERTIFIED_RAW_V1	APPLE_9	25G83	macos-sdk=27.0;mpsgraph=6.5.1(6.5.1)	host-clang=21.0.0 (clang-2100.3.34.2);xcode=Xcode 27.0 Build version 27A266a;metal=Apple metal version 32023.921 (metalfe-32023.921.6)	126febc5feaae6e99f9d23146fb37083e1f2e3eb9a764ec84f84ea7f6e657f14	372ace2b96c45fc55211d6e5d0230665428307c3debbf1e7c35519c09c6c1c5d	graph-options=NONE;optimization-level=1;wait-for-compilation=YES;reduced-precision-fast-math=NONE	4a7871f0b4f11e44c7b3727acae45ecccbf0722dcb8f4c6460d453dbe620d61e	RAW_BITS_EXACT_V1	CERTIFIED_ENVELOPE	3db45e101aa0698a6d6b7b604ca358965fc0145d5bd548cfa5a9e68acc283005	PASS	98ddc6457b6618e0fc5f66a1a843623a3339b375c89c1286b4af99be3fede68e	REPEAT_3_IDENTICAL_V1	dd87b1afa37727da9f80dd210557fa2eb82cad62c52f514fe20735039d3cbd25	PASS
1	STRICT_IEEE	RAW_PRESERVING_AFFINE_V1	BFLOAT16,BFLOAT16	NONE	SM19_EXACT_STATIC_LAYOUT_V1/bb855c683bc0f4097c50dbd72b6eb37d5da1e1d13418ddc613df745c0eed05e6	MPSGRAPH_CERTIFIED_RAW_V1	APPLE_9	25G83	macos-sdk=27.0;mpsgraph=6.5.1(6.5.1)	host-clang=21.0.0 (clang-2100.3.34.2);xcode=Xcode 27.0 Build version 27A266a;metal=Apple metal version 32023.921 (metalfe-32023.921.6)	126febc5feaae6e99f9d23146fb37083e1f2e3eb9a764ec84f84ea7f6e657f14	bb855c683bc0f4097c50dbd72b6eb37d5da1e1d13418ddc613df745c0eed05e6	graph-options=NONE;optimization-level=1;wait-for-compilation=YES;reduced-precision-fast-math=NONE	4a7871f0b4f11e44c7b3727acae45ecccbf0722dcb8f4c6460d453dbe620d61e	RAW_BITS_EXACT_V1	CERTIFIED_ENVELOPE	3db45e101aa0698a6d6b7b604ca358965fc0145d5bd548cfa5a9e68acc283005	PASS	8bbe8581ff4ba5a3f367ccf930dcf56ad9fe6449c81b86268b21871a498fc2d5	REPEAT_3_IDENTICAL_V1	dd87b1afa37727da9f80dd210557fa2eb82cad62c52f514fe20735039d3cbd25	PASS
1	STRICT_IEEE	RAW_PRESERVING_AFFINE_V1	BFLOAT16,BFLOAT16,BFLOAT16	NONE	SM19_EXACT_STATIC_LAYOUT_V1/54177da88b2d73e35d82bdba72e82a023d5a8603fd4f302b02c865d77b5fc3d3	MPSGRAPH_CERTIFIED_RAW_V1	APPLE_9	25G83	macos-sdk=27.0;mpsgraph=6.5.1(6.5.1)	host-clang=21.0.0 (clang-2100.3.34.2);xcode=Xcode 27.0 Build version 27A266a;metal=Apple metal version 32023.921 (metalfe-32023.921.6)	126febc5feaae6e99f9d23146fb37083e1f2e3eb9a764ec84f84ea7f6e657f14	54177da88b2d73e35d82bdba72e82a023d5a8603fd4f302b02c865d77b5fc3d3	graph-options=NONE;optimization-level=1;wait-for-compilation=YES;reduced-precision-fast-math=NONE	4a7871f0b4f11e44c7b3727acae45ecccbf0722dcb8f4c6460d453dbe620d61e	RAW_BITS_EXACT_V1	CERTIFIED_ENVELOPE	3db45e101aa0698a6d6b7b604ca358965fc0145d5bd548cfa5a9e68acc283005	PASS	74703c4e8d3f2bc66b7a8d61e02bd19dd73b8b2a270eb860ffa8e9ab90f7023b	REPEAT_3_IDENTICAL_V1	dd87b1afa37727da9f80dd210557fa2eb82cad62c52f514fe20735039d3cbd25	PASS
1	STRICT_IEEE	RAW_PRESERVING_AFFINE_V1	BFLOAT16,BFLOAT16	NONE	SM19_EXACT_STATIC_LAYOUT_V1/b40a496c4a1d07643516d782cf9196bbe1abc59e3d4088660f5dd8cb0995ba01	MPSGRAPH_CERTIFIED_RAW_V1	APPLE_9	25G83	macos-sdk=27.0;mpsgraph=6.5.1(6.5.1)	host-clang=21.0.0 (clang-2100.3.34.2);xcode=Xcode 27.0 Build version 27A266a;metal=Apple metal version 32023.921 (metalfe-32023.921.6)	126febc5feaae6e99f9d23146fb37083e1f2e3eb9a764ec84f84ea7f6e657f14	b40a496c4a1d07643516d782cf9196bbe1abc59e3d4088660f5dd8cb0995ba01	graph-options=NONE;optimization-level=1;wait-for-compilation=YES;reduced-precision-fast-math=NONE	4a7871f0b4f11e44c7b3727acae45ecccbf0722dcb8f4c6460d453dbe620d61e	RAW_BITS_EXACT_V1	CERTIFIED_ENVELOPE	3db45e101aa0698a6d6b7b604ca358965fc0145d5bd548cfa5a9e68acc283005	PASS	9d241dc65eac391cea68b2d12f86308ae0e39eb32f1e45adb1c7daa0e2e9eb21	REPEAT_3_IDENTICAL_V1	dd87b1afa37727da9f80dd210557fa2eb82cad62c52f514fe20735039d3cbd25	PASS
1	STRICT_IEEE	RAW_PRESERVING_AFFINE_V1	FLOAT16,FLOAT16	NONE	SM19_EXACT_STATIC_LAYOUT_V1/5f4c2b3f52f3cf03c1054afc270395c26e92710f5f18c931b771b72f1a8a2597	MPSGRAPH_CERTIFIED_RAW_V1	APPLE_9	25G83	macos-sdk=27.0;mpsgraph=6.5.1(6.5.1)	host-clang=21.0.0 (clang-2100.3.34.2);xcode=Xcode 27.0 Build version 27A266a;metal=Apple metal version 32023.921 (metalfe-32023.921.6)	126febc5feaae6e99f9d23146fb37083e1f2e3eb9a764ec84f84ea7f6e657f14	5f4c2b3f52f3cf03c1054afc270395c26e92710f5f18c931b771b72f1a8a2597	graph-options=NONE;optimization-level=1;wait-for-compilation=YES;reduced-precision-fast-math=NONE	4a7871f0b4f11e44c7b3727acae45ecccbf0722dcb8f4c6460d453dbe620d61e	RAW_BITS_EXACT_V1	CERTIFIED_ENVELOPE	3db45e101aa0698a6d6b7b604ca358965fc0145d5bd548cfa5a9e68acc283005	PASS	aafb05ba84ce4f5369f5a317a2cb5a4a6bfccf0c5ff397a845eace47717174be	REPEAT_3_IDENTICAL_V1	dd87b1afa37727da9f80dd210557fa2eb82cad62c52f514fe20735039d3cbd25	PASS
1	STRICT_IEEE	RAW_PRESERVING_AFFINE_V1	FLOAT16,FLOAT16,FLOAT16	NONE	SM19_EXACT_STATIC_LAYOUT_V1/94c9145ff71d3848d4d06c5e739e884dc296047a18a24e0c2e1bb241df6b1a68	MPSGRAPH_CERTIFIED_RAW_V1	APPLE_9	25G83	macos-sdk=27.0;mpsgraph=6.5.1(6.5.1)	host-clang=21.0.0 (clang-2100.3.34.2);xcode=Xcode 27.0 Build version 27A266a;metal=Apple metal version 32023.921 (metalfe-32023.921.6)	126febc5feaae6e99f9d23146fb37083e1f2e3eb9a764ec84f84ea7f6e657f14	94c9145ff71d3848d4d06c5e739e884dc296047a18a24e0c2e1bb241df6b1a68	graph-options=NONE;optimization-level=1;wait-for-compilation=YES;reduced-precision-fast-math=NONE	4a7871f0b4f11e44c7b3727acae45ecccbf0722dcb8f4c6460d453dbe620d61e	RAW_BITS_EXACT_V1	CERTIFIED_ENVELOPE	3db45e101aa0698a6d6b7b604ca358965fc0145d5bd548cfa5a9e68acc283005	PASS	6f3f9b8b871dbedf63bb21638b9de35ec98c9a494ddb392126e8f9d723afd860	REPEAT_3_IDENTICAL_V1	dd87b1afa37727da9f80dd210557fa2eb82cad62c52f514fe20735039d3cbd25	PASS
1	STRICT_IEEE	RAW_PRESERVING_AFFINE_V1	FLOAT16,FLOAT16	NONE	SM19_EXACT_STATIC_LAYOUT_V1/8bf6f3cb13bfbd0f283b5bd98a59a9f3787bd1c0c43bbb3a9fb4099dde244e84	MPSGRAPH_CERTIFIED_RAW_V1	APPLE_9	25G83	macos-sdk=27.0;mpsgraph=6.5.1(6.5.1)	host-clang=21.0.0 (clang-2100.3.34.2);xcode=Xcode 27.0 Build version 27A266a;metal=Apple metal version 32023.921 (metalfe-32023.921.6)	126febc5feaae6e99f9d23146fb37083e1f2e3eb9a764ec84f84ea7f6e657f14	8bf6f3cb13bfbd0f283b5bd98a59a9f3787bd1c0c43bbb3a9fb4099dde244e84	graph-options=NONE;optimization-level=1;wait-for-compilation=YES;reduced-precision-fast-math=NONE	4a7871f0b4f11e44c7b3727acae45ecccbf0722dcb8f4c6460d453dbe620d61e	RAW_BITS_EXACT_V1	CERTIFIED_ENVELOPE	3db45e101aa0698a6d6b7b604ca358965fc0145d5bd548cfa5a9e68acc283005	PASS	5c741dcfe1e12224b599a1605431630806723aa6dd173b9d27147d02d615d068	REPEAT_3_IDENTICAL_V1	dd87b1afa37727da9f80dd210557fa2eb82cad62c52f514fe20735039d3cbd25	PASS
1	ACCELERATOR	RAW_PRESERVING_AFFINE_V1	BFLOAT16,BFLOAT16	NONE	SM19_EXACT_STATIC_LAYOUT_V1/5e640f24624b6145355016c50173fee96d6bf4878a05b44fa9e757ed0996c72a	MPSGRAPH_CERTIFIED_RAW_V1	APPLE_9	25G83	macos-sdk=27.0;mpsgraph=6.5.1(6.5.1)	host-clang=21.0.0 (clang-2100.3.34.2);xcode=Xcode 27.0 Build version 27A266a;metal=Apple metal version 32023.921 (metalfe-32023.921.6)	126febc5feaae6e99f9d23146fb37083e1f2e3eb9a764ec84f84ea7f6e657f14	5e640f24624b6145355016c50173fee96d6bf4878a05b44fa9e757ed0996c72a	graph-options=NONE;optimization-level=1;wait-for-compilation=YES;reduced-precision-fast-math=NONE	4a7871f0b4f11e44c7b3727acae45ecccbf0722dcb8f4c6460d453dbe620d61e	RAW_BITS_EXACT_V1	CERTIFIED_ENVELOPE	3db45e101aa0698a6d6b7b604ca358965fc0145d5bd548cfa5a9e68acc283005	PASS	b8b9d9942cf8ccf1bd3809ba583fba1fbc0852d34552008aa82a2f2c49e5963a	REPEAT_3_IDENTICAL_V1	dd87b1afa37727da9f80dd210557fa2eb82cad62c52f514fe20735039d3cbd25	PASS
1	ACCELERATOR	RAW_PRESERVING_AFFINE_V1	BFLOAT16,BFLOAT16,BFLOAT16	NONE	SM19_EXACT_STATIC_LAYOUT_V1/61f8de6600e70af86c05a59b2da7322f4add63dfb9ab83faf537d2c8077e7258	MPSGRAPH_CERTIFIED_RAW_V1	APPLE_9	25G83	macos-sdk=27.0;mpsgraph=6.5.1(6.5.1)	host-clang=21.0.0 (clang-2100.3.34.2);xcode=Xcode 27.0 Build version 27A266a;metal=Apple metal version 32023.921 (metalfe-32023.921.6)	126febc5feaae6e99f9d23146fb37083e1f2e3eb9a764ec84f84ea7f6e657f14	61f8de6600e70af86c05a59b2da7322f4add63dfb9ab83faf537d2c8077e7258	graph-options=NONE;optimization-level=1;wait-for-compilation=YES;reduced-precision-fast-math=NONE	4a7871f0b4f11e44c7b3727acae45ecccbf0722dcb8f4c6460d453dbe620d61e	RAW_BITS_EXACT_V1	CERTIFIED_ENVELOPE	3db45e101aa0698a6d6b7b604ca358965fc0145d5bd548cfa5a9e68acc283005	PASS	c22dee47f3e4b484080972b9057ccb28d96e33302e37bb3d3e5ad27006571212	REPEAT_3_IDENTICAL_V1	dd87b1afa37727da9f80dd210557fa2eb82cad62c52f514fe20735039d3cbd25	PASS
1	ACCELERATOR	RAW_PRESERVING_AFFINE_V1	BFLOAT16,BFLOAT16	NONE	SM19_EXACT_STATIC_LAYOUT_V1/5c0d36082325bdf150bfd675cfe6c47d506526e00b696d6f40ce4489243faa2d	MPSGRAPH_CERTIFIED_RAW_V1	APPLE_9	25G83	macos-sdk=27.0;mpsgraph=6.5.1(6.5.1)	host-clang=21.0.0 (clang-2100.3.34.2);xcode=Xcode 27.0 Build version 27A266a;metal=Apple metal version 32023.921 (metalfe-32023.921.6)	126febc5feaae6e99f9d23146fb37083e1f2e3eb9a764ec84f84ea7f6e657f14	5c0d36082325bdf150bfd675cfe6c47d506526e00b696d6f40ce4489243faa2d	graph-options=NONE;optimization-level=1;wait-for-compilation=YES;reduced-precision-fast-math=NONE	4a7871f0b4f11e44c7b3727acae45ecccbf0722dcb8f4c6460d453dbe620d61e	RAW_BITS_EXACT_V1	CERTIFIED_ENVELOPE	3db45e101aa0698a6d6b7b604ca358965fc0145d5bd548cfa5a9e68acc283005	PASS	06ba40fbe590d133f358de10789c43c97d8d7166a2fad08bae3e00b85ef952c7	REPEAT_3_IDENTICAL_V1	dd87b1afa37727da9f80dd210557fa2eb82cad62c52f514fe20735039d3cbd25	PASS
1	ACCELERATOR	RAW_PRESERVING_AFFINE_V1	FLOAT16,FLOAT16	NONE	SM19_EXACT_STATIC_LAYOUT_V1/61132b213f04fa5b333701c8e2a14c7d01fb7415b0ac4b14846d7bdd2fc21018	MPSGRAPH_CERTIFIED_RAW_V1	APPLE_9	25G83	macos-sdk=27.0;mpsgraph=6.5.1(6.5.1)	host-clang=21.0.0 (clang-2100.3.34.2);xcode=Xcode 27.0 Build version 27A266a;metal=Apple metal version 32023.921 (metalfe-32023.921.6)	126febc5feaae6e99f9d23146fb37083e1f2e3eb9a764ec84f84ea7f6e657f14	61132b213f04fa5b333701c8e2a14c7d01fb7415b0ac4b14846d7bdd2fc21018	graph-options=NONE;optimization-level=1;wait-for-compilation=YES;reduced-precision-fast-math=NONE	4a7871f0b4f11e44c7b3727acae45ecccbf0722dcb8f4c6460d453dbe620d61e	RAW_BITS_EXACT_V1	CERTIFIED_ENVELOPE	3db45e101aa0698a6d6b7b604ca358965fc0145d5bd548cfa5a9e68acc283005	PASS	8003fa71bf95b4f3481fd01b9c66fd4b61686206223b98cdcc4b668286525c52	REPEAT_3_IDENTICAL_V1	dd87b1afa37727da9f80dd210557fa2eb82cad62c52f514fe20735039d3cbd25	PASS
1	ACCELERATOR	RAW_PRESERVING_AFFINE_V1	FLOAT16,FLOAT16,FLOAT16	NONE	SM19_EXACT_STATIC_LAYOUT_V1/ca00573fa2735ed47325bb329e98084bf653b1d8e3c7d5214fe7d82678f4c7c9	MPSGRAPH_CERTIFIED_RAW_V1	APPLE_9	25G83	macos-sdk=27.0;mpsgraph=6.5.1(6.5.1)	host-clang=21.0.0 (clang-2100.3.34.2);xcode=Xcode 27.0 Build version 27A266a;metal=Apple metal version 32023.921 (metalfe-32023.921.6)	126febc5feaae6e99f9d23146fb37083e1f2e3eb9a764ec84f84ea7f6e657f14	ca00573fa2735ed47325bb329e98084bf653b1d8e3c7d5214fe7d82678f4c7c9	graph-options=NONE;optimization-level=1;wait-for-compilation=YES;reduced-precision-fast-math=NONE	4a7871f0b4f11e44c7b3727acae45ecccbf0722dcb8f4c6460d453dbe620d61e	RAW_BITS_EXACT_V1	CERTIFIED_ENVELOPE	3db45e101aa0698a6d6b7b604ca358965fc0145d5bd548cfa5a9e68acc283005	PASS	6fbc06ccb9568a53cb488a5f5a289cdf1feba337d69d9cf49a37eb8319a01b0c	REPEAT_3_IDENTICAL_V1	dd87b1afa37727da9f80dd210557fa2eb82cad62c52f514fe20735039d3cbd25	PASS
1	ACCELERATOR	RAW_PRESERVING_AFFINE_V1	FLOAT16,FLOAT16	NONE	SM19_EXACT_STATIC_LAYOUT_V1/3a7895eb77a2e9ae740937fb9bf4ee6d834cbdbc01d0f6c1a130d12320b35e9b	MPSGRAPH_CERTIFIED_RAW_V1	APPLE_9	25G83	macos-sdk=27.0;mpsgraph=6.5.1(6.5.1)	host-clang=21.0.0 (clang-2100.3.34.2);xcode=Xcode 27.0 Build version 27A266a;metal=Apple metal version 32023.921 (metalfe-32023.921.6)	126febc5feaae6e99f9d23146fb37083e1f2e3eb9a764ec84f84ea7f6e657f14	3a7895eb77a2e9ae740937fb9bf4ee6d834cbdbc01d0f6c1a130d12320b35e9b	graph-options=NONE;optimization-level=1;wait-for-compilation=YES;reduced-precision-fast-math=NONE	4a7871f0b4f11e44c7b3727acae45ecccbf0722dcb8f4c6460d453dbe620d61e	RAW_BITS_EXACT_V1	CERTIFIED_ENVELOPE	3db45e101aa0698a6d6b7b604ca358965fc0145d5bd548cfa5a9e68acc283005	PASS	a80a31117e98e32397a045f7b51060686c9c6932478b115baab91706c025677c	REPEAT_3_IDENTICAL_V1	dd87b1afa37727da9f80dd210557fa2eb82cad62c52f514fe20735039d3cbd25	PASS
