schema	gpu-family	os-build	sdk-version	compiler-version	binary-digest	flags-options	capability-manifest-hash
1	APPLE_9	25G83	macos-sdk=27.0;mpsgraph=6.5.1(6.5.1)	host-clang=21.0.0 (clang-2100.3.34.2);xcode=Xcode 27.0 Build version 27A266a;metal=Apple metal version 32023.921 (metalfe-32023.921.6)	126febc5feaae6e99f9d23146fb37083e1f2e3eb9a764ec84f84ea7f6e657f14	graph-options=NONE;optimization-level=1;wait-for-compilation=YES;reduced-precision-fast-math=NONE	4a7871f0b4f11e44c7b3727acae45ecccbf0722dcb8f4c6460d453dbe620d61e
case	profile	dtype	word-count	program-digest	verdict
RESHAPE_EXHAUSTIVE	STRICT_IEEE	BFLOAT16	65536	ea4f8a23dc071c5a0b1f38ce27bb4b611e06210f5d2e47828bec428ba4d4cde2	PASS
PERMUTE_EXHAUSTIVE	STRICT_IEEE	BFLOAT16	65536	c6a3c1f135a0dad5e1f5ba372262a7b082dc19dfce5d290810664e05ef3a2c61	PASS
CONTIGUOUS_EXHAUSTIVE	STRICT_IEEE	BFLOAT16	65536	dd1f9c3d4f890889090333e750d0495bcef94a1a9d4ba879bbfc367b54a6150e	PASS
RESHAPE_EXHAUSTIVE	STRICT_IEEE	FLOAT16	65536	33bc011e27fb32a161866eda6542390640907bf62c534a3aa3dc9c6811901e8b	PASS
PERMUTE_EXHAUSTIVE	STRICT_IEEE	FLOAT16	65536	08291cd7578507e35ba1adef03d8876da8e3063192dbeb4845527eea22097d80	PASS
CONTIGUOUS_EXHAUSTIVE	STRICT_IEEE	FLOAT16	65536	d829b73a8d0861d2d7cff9b4d9cf4ef7f7b270133500e2da2fd92bead2688db2	PASS
RESHAPE_EXHAUSTIVE	ACCELERATOR	BFLOAT16	65536	d25ae6b555ba230b09f3fde579c01167e6a677c8c83f6a824dcccdbe98c14926	PASS
PERMUTE_EXHAUSTIVE	ACCELERATOR	BFLOAT16	65536	63e25fad812d08e9292a2645ad83aa7a134e1dea5112af5209e72bee96ecc5b4	PASS
CONTIGUOUS_EXHAUSTIVE	ACCELERATOR	BFLOAT16	65536	f38f68551adf9a3ed5bb4e811cf25fcfb0145a6339d9d4375b884c1de95e6e81	PASS
RESHAPE_EXHAUSTIVE	ACCELERATOR	FLOAT16	65536	1bf538d45fa4272dcfd6c64f231cb6042ef3df845b035ca5a846c3111e18f7fe	PASS
PERMUTE_EXHAUSTIVE	ACCELERATOR	FLOAT16	65536	c682a1768e871d8bed2ac45c58d27ba949d3744f0511d3aaade5519f48869010	PASS
CONTIGUOUS_EXHAUSTIVE	ACCELERATOR	FLOAT16	65536	372ace2b96c45fc55211d6e5d0230665428307c3debbf1e7c35519c09c6c1c5d	PASS
SLICE_EXHAUSTIVE	STRICT_IEEE	BFLOAT16	65536	bb855c683bc0f4097c50dbd72b6eb37d5da1e1d13418ddc613df745c0eed05e6	PASS
CONCAT_EXHAUSTIVE	STRICT_IEEE	BFLOAT16	65536	54177da88b2d73e35d82bdba72e82a023d5a8603fd4f302b02c865d77b5fc3d3	PASS
TILE_EXHAUSTIVE	STRICT_IEEE	BFLOAT16	65536	b40a496c4a1d07643516d782cf9196bbe1abc59e3d4088660f5dd8cb0995ba01	PASS
SLICE_EXHAUSTIVE	STRICT_IEEE	FLOAT16	65536	5f4c2b3f52f3cf03c1054afc270395c26e92710f5f18c931b771b72f1a8a2597	PASS
CONCAT_EXHAUSTIVE	STRICT_IEEE	FLOAT16	65536	94c9145ff71d3848d4d06c5e739e884dc296047a18a24e0c2e1bb241df6b1a68	PASS
TILE_EXHAUSTIVE	STRICT_IEEE	FLOAT16	65536	8bf6f3cb13bfbd0f283b5bd98a59a9f3787bd1c0c43bbb3a9fb4099dde244e84	PASS
SLICE_EXHAUSTIVE	ACCELERATOR	BFLOAT16	65536	5e640f24624b6145355016c50173fee96d6bf4878a05b44fa9e757ed0996c72a	PASS
CONCAT_EXHAUSTIVE	ACCELERATOR	BFLOAT16	65536	61f8de6600e70af86c05a59b2da7322f4add63dfb9ab83faf537d2c8077e7258	PASS
TILE_EXHAUSTIVE	ACCELERATOR	BFLOAT16	65536	5c0d36082325bdf150bfd675cfe6c47d506526e00b696d6f40ce4489243faa2d	PASS
SLICE_EXHAUSTIVE	ACCELERATOR	FLOAT16	65536	61132b213f04fa5b333701c8e2a14c7d01fb7415b0ac4b14846d7bdd2fc21018	PASS
CONCAT_EXHAUSTIVE	ACCELERATOR	FLOAT16	65536	ca00573fa2735ed47325bb329e98084bf653b1d8e3c7d5214fe7d82678f4c7c9	PASS
TILE_EXHAUSTIVE	ACCELERATOR	FLOAT16	65536	3a7895eb77a2e9ae740937fb9bf4ee6d834cbdbc01d0f6c1a130d12320b35e9b	PASS
RESHAPE_ODD	STRICT_IEEE	BFLOAT16	257	5697f599d8b7928bc8bc2c0eeae331d4af255198b7c288546c75fe0f3a604faa	PASS
PERMUTE_ODD	STRICT_IEEE	BFLOAT16	257	0718519c5ea6621c11ce29551fee029f14111269e6c2200ca4460274f4ff5ab8	PASS
CONTIGUOUS_ODD	STRICT_IEEE	BFLOAT16	257	db41561bb45728ba9f9fb51adb4ab4d12319d4078632b0bd216a2fe4a95949e0	PASS
SLICE_ODD	STRICT_IEEE	BFLOAT16	257	ac1a775f4767aafea5126fdfd2b309d6115e7e8ca02778793e474464e596c1f6	PASS
CONCAT_ODD	STRICT_IEEE	BFLOAT16	257	eb8b18821309f0b29226160f893a8e494fbef1136b34c36c728ca95b49d18c57	PASS
TILE_ODD	STRICT_IEEE	BFLOAT16	257	684810b04eb93373ce63bba41c595c886329911c042a5a57ee80dedebd42d9cb	PASS
RESHAPE_ODD	STRICT_IEEE	FLOAT16	257	f1b8dcddf63cc2468620cb57f0249020296fdf6db86d56a4136a958a21fb6de5	PASS
PERMUTE_ODD	STRICT_IEEE	FLOAT16	257	3e44ccc08b656b53f50a4d4fd641cabdcfe7463b5c2197c62e0a7131dbc4a4ba	PASS
CONTIGUOUS_ODD	STRICT_IEEE	FLOAT16	257	3eb0931da671a9e6773d2a92c2d6ca08d7df1b43266b391e9908efad36496ca6	PASS
SLICE_ODD	STRICT_IEEE	FLOAT16	257	d076c51c636b5ca896576c46a4454aa2f5c1793841235d3e8cd32dc3ddc72d3a	PASS
CONCAT_ODD	STRICT_IEEE	FLOAT16	257	8e02c9c147ab2d66ecec92520d8df31f646ae6bf0e30bcdea21e842455c51f39	PASS
TILE_ODD	STRICT_IEEE	FLOAT16	257	a37cc3971adfaa387975e2ad85ac9d79de232f28c0f4198a71340abde1618f7d	PASS
RESHAPE_ODD	ACCELERATOR	BFLOAT16	257	cd72be978aeb11bf35cf819ff5a406f352aed64d22b9fabf2a2b96aceb2409dd	PASS
PERMUTE_ODD	ACCELERATOR	BFLOAT16	257	8d008900a66500ac0fde92fd705ff3ef5e433e3cd5b502357d80cf31a598ddf2	PASS
CONTIGUOUS_ODD	ACCELERATOR	BFLOAT16	257	b0b1bbf378eb4b2f017193290d987653cc69223f4078f17a961a4b1cf63f2d49	PASS
SLICE_ODD	ACCELERATOR	BFLOAT16	257	849af41ba63e38237a35c23e8a73ba2701b7f3143904824bd1c6a908f64d3397	PASS
CONCAT_ODD	ACCELERATOR	BFLOAT16	257	363aaefc9d8119118561980938535ed7759390afbb72dd78b69aa1bfdfee5ab8	PASS
TILE_ODD	ACCELERATOR	BFLOAT16	257	c3d1aef87a360ece9469acef17336bafd053406170a51785b6a88c1f27362063	PASS
RESHAPE_ODD	ACCELERATOR	FLOAT16	257	f7d3f04acaebe96ff7699112ceb8591be76d39bbd48e4cad099a5effad882226	PASS
PERMUTE_ODD	ACCELERATOR	FLOAT16	257	2eee605971bf6d94bba6a72f15807fc2d5816a9782d246630b05a906dc5b19a5	PASS
CONTIGUOUS_ODD	ACCELERATOR	FLOAT16	257	ec34ae5bd262c1efd2d302accafc2634619513b853ec4fd4ab7eb0e463c3fd2f	PASS
SLICE_ODD	ACCELERATOR	FLOAT16	257	c98bc4eee9f41ffb7ff9a1bf39b7fd5b698677e6552e0a2fc6267fc625b0da8d	PASS
CONCAT_ODD	ACCELERATOR	FLOAT16	257	dce9af561c062aa791d351c9040962c23a87209a51a6f05f0f68eb604e55deab	PASS
TILE_ODD	ACCELERATOR	FLOAT16	257	780c6f3312067d67a3e4d150efa8479c07b0f715d4bd16ed99789ffd13f7202d	PASS
