schema	route-family	operation	dtype	probe	observed	qualification	rejection-reason	candidate-options	gpu-family	os-build	sdk-version	compiler-version	binary-digest	flags-options	capability-manifest-hash	probe-digest	generator-digest
1	CLASSIC_MPS	ANY	BOTH	MPSSupportsMTLDevice	PASS	REJECTED	GATE_ONLY_NO_ADR0023_SEMANTIC_PROOF	MPSSupportsMTLDevice=YES	APPLE_9	25G83	macos-sdk=27.0;mpsgraph=6.5.1(6.5.1)	host-clang=21.0.0 (clang-2100.3.34.2);xcode=Xcode 27.0 Build version 27A266a;metal=Apple metal version 32023.921 (metalfe-32023.921.6)	126febc5feaae6e99f9d23146fb37083e1f2e3eb9a764ec84f84ea7f6e657f14	graph-options=NONE;optimization-level=1;wait-for-compilation=YES;reduced-precision-fast-math=NONE	4a7871f0b4f11e44c7b3727acae45ecccbf0722dcb8f4c6460d453dbe620d61e	6448574fddb02dd81a9c0bbc9a26bbe37586c06ffde07434c546f0475136dd7e	fb0f8a2bd9e14612aa159229ffb211cfdb066799c35077c7927e17667a1ccc14
1	CLASSIC_MPS	CONV2D	FLOAT16	MPSCNN_RUNTIME	PASS	REJECTED	NO_COMPLETE_EXACT_LAYOUT_DOMAIN_PROOF	accumulator=FLOAT;mpsimage=FLOAT16;layout=MPSIMAGE_2X2X1	APPLE_9	25G83	macos-sdk=27.0;mpsgraph=6.5.1(6.5.1)	host-clang=21.0.0 (clang-2100.3.34.2);xcode=Xcode 27.0 Build version 27A266a;metal=Apple metal version 32023.921 (metalfe-32023.921.6)	126febc5feaae6e99f9d23146fb37083e1f2e3eb9a764ec84f84ea7f6e657f14	graph-options=NONE;optimization-level=1;wait-for-compilation=YES;reduced-precision-fast-math=NONE	4a7871f0b4f11e44c7b3727acae45ecccbf0722dcb8f4c6460d453dbe620d61e	6448574fddb02dd81a9c0bbc9a26bbe37586c06ffde07434c546f0475136dd7e	fb0f8a2bd9e14612aa159229ffb211cfdb066799c35077c7927e17667a1ccc14
1	CLASSIC_MPS	CONV2D	FLOAT16	MPSCNN_ACCUMULATOR_OPTION	FLOAT	REJECTED	FP32_OPTION_WITHOUT_COMPLETE_ADR0023_FAMILY_PROOF	accumulator=FLOAT;mpsimage=FLOAT16	APPLE_9	25G83	macos-sdk=27.0;mpsgraph=6.5.1(6.5.1)	host-clang=21.0.0 (clang-2100.3.34.2);xcode=Xcode 27.0 Build version 27A266a;metal=Apple metal version 32023.921 (metalfe-32023.921.6)	126febc5feaae6e99f9d23146fb37083e1f2e3eb9a764ec84f84ea7f6e657f14	graph-options=NONE;optimization-level=1;wait-for-compilation=YES;reduced-precision-fast-math=NONE	4a7871f0b4f11e44c7b3727acae45ecccbf0722dcb8f4c6460d453dbe620d61e	6448574fddb02dd81a9c0bbc9a26bbe37586c06ffde07434c546f0475136dd7e	fb0f8a2bd9e14612aa159229ffb211cfdb066799c35077c7927e17667a1ccc14
1	CLASSIC_MPS	CONV2D	BFLOAT16	MPSCNN_RUNTIME	REJECTED	REJECTED	PUBLIC_DATASOURCE_CONTRACT_EXCLUDES_BFLOAT16	datasource=MPSDataTypeBFloat16	APPLE_9	25G83	macos-sdk=27.0;mpsgraph=6.5.1(6.5.1)	host-clang=21.0.0 (clang-2100.3.34.2);xcode=Xcode 27.0 Build version 27A266a;metal=Apple metal version 32023.921 (metalfe-32023.921.6)	126febc5feaae6e99f9d23146fb37083e1f2e3eb9a764ec84f84ea7f6e657f14	graph-options=NONE;optimization-level=1;wait-for-compilation=YES;reduced-precision-fast-math=NONE	4a7871f0b4f11e44c7b3727acae45ecccbf0722dcb8f4c6460d453dbe620d61e	6448574fddb02dd81a9c0bbc9a26bbe37586c06ffde07434c546f0475136dd7e	fb0f8a2bd9e14612aa159229ffb211cfdb066799c35077c7927e17667a1ccc14
1	CLASSIC_MPS	ANY	BFLOAT16	PUBLIC_ACCUMULATOR_GUARANTEE	ABSENT	REJECTED	NO_PUBLIC_BFLOAT16_ACCUMULATOR_CONTRACT	accumulator=UNSPECIFIED	APPLE_9	25G83	macos-sdk=27.0;mpsgraph=6.5.1(6.5.1)	host-clang=21.0.0 (clang-2100.3.34.2);xcode=Xcode 27.0 Build version 27A266a;metal=Apple metal version 32023.921 (metalfe-32023.921.6)	126febc5feaae6e99f9d23146fb37083e1f2e3eb9a764ec84f84ea7f6e657f14	graph-options=NONE;optimization-level=1;wait-for-compilation=YES;reduced-precision-fast-math=NONE	4a7871f0b4f11e44c7b3727acae45ecccbf0722dcb8f4c6460d453dbe620d61e	6448574fddb02dd81a9c0bbc9a26bbe37586c06ffde07434c546f0475136dd7e	fb0f8a2bd9e14612aa159229ffb211cfdb066799c35077c7927e17667a1ccc14
1	MPP	MATMUL2D	FLOAT16	COMPILE_PIPELINE	PASS	REJECTED	NO_PUBLIC_INTERNAL_ACCUMULATOR_CONTRACT	metal-language=4.0;deployment=26.2;__HAVE_TENSOR=1;relaxed-precision=false;destination=FLOAT32	APPLE_9	25G83	macos-sdk=27.0;mpsgraph=6.5.1(6.5.1)	host-clang=21.0.0 (clang-2100.3.34.2);xcode=Xcode 27.0 Build version 27A266a;metal=Apple metal version 32023.921 (metalfe-32023.921.6)	126febc5feaae6e99f9d23146fb37083e1f2e3eb9a764ec84f84ea7f6e657f14	graph-options=NONE;optimization-level=1;wait-for-compilation=YES;reduced-precision-fast-math=NONE	4a7871f0b4f11e44c7b3727acae45ecccbf0722dcb8f4c6460d453dbe620d61e	3a72ce17f5cdb4b61f0c788da7c11cbcd05a86cefcad3281c1fd8ff35d4ebca6	fb0f8a2bd9e14612aa159229ffb211cfdb066799c35077c7927e17667a1ccc14
1	MPP	MATMUL2D	FLOAT16	INTERNAL_ACCUMULATOR_GUARANTEE	DESTINATION_FLOAT32_ONLY	REJECTED	LOW_TO_F32_DESTINATION_DOES_NOT_ESTABLISH_F32_INTERNAL_ACCUMULATION	relaxed-precision=false;destination=FLOAT32;internal-accumulator=UNSPECIFIED	APPLE_9	25G83	macos-sdk=27.0;mpsgraph=6.5.1(6.5.1)	host-clang=21.0.0 (clang-2100.3.34.2);xcode=Xcode 27.0 Build version 27A266a;metal=Apple metal version 32023.921 (metalfe-32023.921.6)	126febc5feaae6e99f9d23146fb37083e1f2e3eb9a764ec84f84ea7f6e657f14	graph-options=NONE;optimization-level=1;wait-for-compilation=YES;reduced-precision-fast-math=NONE	4a7871f0b4f11e44c7b3727acae45ecccbf0722dcb8f4c6460d453dbe620d61e	3a72ce17f5cdb4b61f0c788da7c11cbcd05a86cefcad3281c1fd8ff35d4ebca6	fb0f8a2bd9e14612aa159229ffb211cfdb066799c35077c7927e17667a1ccc14
1	MPP	MATMUL2D	BFLOAT16	COMPILE_PIPELINE	PASS	REJECTED	NO_PUBLIC_INTERNAL_ACCUMULATOR_CONTRACT	metal-language=4.0;deployment=26.2;__HAVE_TENSOR=1;relaxed-precision=false;destination=FLOAT32	APPLE_9	25G83	macos-sdk=27.0;mpsgraph=6.5.1(6.5.1)	host-clang=21.0.0 (clang-2100.3.34.2);xcode=Xcode 27.0 Build version 27A266a;metal=Apple metal version 32023.921 (metalfe-32023.921.6)	126febc5feaae6e99f9d23146fb37083e1f2e3eb9a764ec84f84ea7f6e657f14	graph-options=NONE;optimization-level=1;wait-for-compilation=YES;reduced-precision-fast-math=NONE	4a7871f0b4f11e44c7b3727acae45ecccbf0722dcb8f4c6460d453dbe620d61e	3a72ce17f5cdb4b61f0c788da7c11cbcd05a86cefcad3281c1fd8ff35d4ebca6	fb0f8a2bd9e14612aa159229ffb211cfdb066799c35077c7927e17667a1ccc14
1	MPP	MATMUL2D	BFLOAT16	INTERNAL_ACCUMULATOR_GUARANTEE	DESTINATION_FLOAT32_ONLY	REJECTED	LOW_TO_F32_DESTINATION_DOES_NOT_ESTABLISH_F32_INTERNAL_ACCUMULATION	relaxed-precision=false;destination=FLOAT32;internal-accumulator=UNSPECIFIED	APPLE_9	25G83	macos-sdk=27.0;mpsgraph=6.5.1(6.5.1)	host-clang=21.0.0 (clang-2100.3.34.2);xcode=Xcode 27.0 Build version 27A266a;metal=Apple metal version 32023.921 (metalfe-32023.921.6)	126febc5feaae6e99f9d23146fb37083e1f2e3eb9a764ec84f84ea7f6e657f14	graph-options=NONE;optimization-level=1;wait-for-compilation=YES;reduced-precision-fast-math=NONE	4a7871f0b4f11e44c7b3727acae45ecccbf0722dcb8f4c6460d453dbe620d61e	3a72ce17f5cdb4b61f0c788da7c11cbcd05a86cefcad3281c1fd8ff35d4ebca6	fb0f8a2bd9e14612aa159229ffb211cfdb066799c35077c7927e17667a1ccc14
1	MPP	CONVOLUTION2D	FLOAT16	COMPILE_PIPELINE	PASS	REJECTED	NO_PUBLIC_INTERNAL_ACCUMULATOR_CONTRACT	metal-language=4.0;deployment=26.2;__HAVE_TENSOR=1;relaxed-precision=false;destination=FLOAT32	APPLE_9	25G83	macos-sdk=27.0;mpsgraph=6.5.1(6.5.1)	host-clang=21.0.0 (clang-2100.3.34.2);xcode=Xcode 27.0 Build version 27A266a;metal=Apple metal version 32023.921 (metalfe-32023.921.6)	126febc5feaae6e99f9d23146fb37083e1f2e3eb9a764ec84f84ea7f6e657f14	graph-options=NONE;optimization-level=1;wait-for-compilation=YES;reduced-precision-fast-math=NONE	4a7871f0b4f11e44c7b3727acae45ecccbf0722dcb8f4c6460d453dbe620d61e	3a72ce17f5cdb4b61f0c788da7c11cbcd05a86cefcad3281c1fd8ff35d4ebca6	fb0f8a2bd9e14612aa159229ffb211cfdb066799c35077c7927e17667a1ccc14
1	MPP	CONVOLUTION2D	FLOAT16	INTERNAL_ACCUMULATOR_GUARANTEE	DESTINATION_FLOAT32_ONLY	REJECTED	LOW_TO_F32_DESTINATION_DOES_NOT_ESTABLISH_F32_INTERNAL_ACCUMULATION	relaxed-precision=false;destination=FLOAT32;internal-accumulator=UNSPECIFIED	APPLE_9	25G83	macos-sdk=27.0;mpsgraph=6.5.1(6.5.1)	host-clang=21.0.0 (clang-2100.3.34.2);xcode=Xcode 27.0 Build version 27A266a;metal=Apple metal version 32023.921 (metalfe-32023.921.6)	126febc5feaae6e99f9d23146fb37083e1f2e3eb9a764ec84f84ea7f6e657f14	graph-options=NONE;optimization-level=1;wait-for-compilation=YES;reduced-precision-fast-math=NONE	4a7871f0b4f11e44c7b3727acae45ecccbf0722dcb8f4c6460d453dbe620d61e	3a72ce17f5cdb4b61f0c788da7c11cbcd05a86cefcad3281c1fd8ff35d4ebca6	fb0f8a2bd9e14612aa159229ffb211cfdb066799c35077c7927e17667a1ccc14
1	MPP	CONVOLUTION2D	BFLOAT16	COMPILE_PIPELINE	PASS	REJECTED	NO_PUBLIC_INTERNAL_ACCUMULATOR_CONTRACT	metal-language=4.0;deployment=26.2;__HAVE_TENSOR=1;relaxed-precision=false;destination=FLOAT32	APPLE_9	25G83	macos-sdk=27.0;mpsgraph=6.5.1(6.5.1)	host-clang=21.0.0 (clang-2100.3.34.2);xcode=Xcode 27.0 Build version 27A266a;metal=Apple metal version 32023.921 (metalfe-32023.921.6)	126febc5feaae6e99f9d23146fb37083e1f2e3eb9a764ec84f84ea7f6e657f14	graph-options=NONE;optimization-level=1;wait-for-compilation=YES;reduced-precision-fast-math=NONE	4a7871f0b4f11e44c7b3727acae45ecccbf0722dcb8f4c6460d453dbe620d61e	3a72ce17f5cdb4b61f0c788da7c11cbcd05a86cefcad3281c1fd8ff35d4ebca6	fb0f8a2bd9e14612aa159229ffb211cfdb066799c35077c7927e17667a1ccc14
1	MPP	CONVOLUTION2D	BFLOAT16	INTERNAL_ACCUMULATOR_GUARANTEE	DESTINATION_FLOAT32_ONLY	REJECTED	LOW_TO_F32_DESTINATION_DOES_NOT_ESTABLISH_F32_INTERNAL_ACCUMULATION	relaxed-precision=false;destination=FLOAT32;internal-accumulator=UNSPECIFIED	APPLE_9	25G83	macos-sdk=27.0;mpsgraph=6.5.1(6.5.1)	host-clang=21.0.0 (clang-2100.3.34.2);xcode=Xcode 27.0 Build version 27A266a;metal=Apple metal version 32023.921 (metalfe-32023.921.6)	126febc5feaae6e99f9d23146fb37083e1f2e3eb9a764ec84f84ea7f6e657f14	graph-options=NONE;optimization-level=1;wait-for-compilation=YES;reduced-precision-fast-math=NONE	4a7871f0b4f11e44c7b3727acae45ecccbf0722dcb8f4c6460d453dbe620d61e	3a72ce17f5cdb4b61f0c788da7c11cbcd05a86cefcad3281c1fd8ff35d4ebca6	fb0f8a2bd9e14612aa159229ffb211cfdb066799c35077c7927e17667a1ccc14
